Datetime,Open,High,Low,Close,Volume,Dividends,Stock Splits,stock_code,data_fetched_on
2025-04-14 09:30:00-04:00,114.13999938964844,114.29000091552734,113.72000122070312,113.9000015258789,21935237,0.0,0.0,NVDA,2025-05-05 10:47:10
2025-04-14 09:31:00-04:00,113.87999725341797,113.97000122070312,113.12000274658203,113.15499877929688,2282418,0.0,0.0,NVDA,2025-05-05 10:47:10
2025-04-14 09:32:00-04:00,113.15499877929688,113.55000305175781,113.12000274658203,113.5,1953641,0.0,0.0,NVDA,2025-05-05 10:47:10
2025-04-14 09:33:00-04:00,113.48999786376953,113.67949676513672,112.80999755859375,112.875,2270422,0.0,0.0,NVDA,2025-05-05 10:47:10
2025-04-14 09:34:00-04:00,112.875,113.5999984741211,112.84459686279297,113.11060333251953,1629854,0.0,0.0,NVDA,2025-05-05 10:47:10
2025-04-14 09:35:00-04:00,113.11000061035156,113.5199966430664,112.88510131835938,113.0999984741211,1367043,0.0,0.0,NVDA,2025-05-05 10:47:10
2025-04-14 09:36:00-04:00,113.10990142822266,113.13999938964844,112.4800033569336,112.55999755859375,1760253,0.0,0.0,NVDA,2025-05-05 10:47:10
2025-04-14 09:37:00-04:00,112.57550048828125,112.76000213623047,112.41999816894531,112.69999694824219,1245217,0.0,0.0,NVDA,2025-05-05 10:47:10
2025-04-14 09:38:00-04:00,112.69999694824219,113.0,112.61000061035156,112.79930114746094,1294890,0.0,0.0,NVDA,2025-05-05 10:47:10
2025-04-14 09:39:00-04:00,112.77999877929688,113.13999938964844,112.5999984741211,112.62000274658203,1209576,0.0,0.0,NVDA,2025-05-05 10:47:10
2025-04-14 09:40:00-04:00,112.62000274658203,112.81999969482422,112.33000183105469,112.62909698486328,1235789,0.0,0.0,NVDA,2025-05-05 10:47:10
2025-04-14 09:41:00-04:00,112.625,112.6500015258789,111.77999877929688,111.94000244140625,2012114,0.0,0.0,NVDA,2025-05-05 10:47:10
2025-04-14 09:42:00-04:00,111.93000030517578,111.94999694824219,111.52999877929688,111.78589630126953,1641303,0.0,0.0,NVDA,2025-05-05 10:47:10
2025-04-14 09:43:00-04:00,111.78939819335938,111.91999816894531,111.41000366210938,111.43499755859375,1290712,0.0,0.0,NVDA,2025-05-05 10:47:10
2025-04-14 09:44:00-04:00,111.43009948730469,111.81500244140625,111.38009643554688,111.81500244140625,1366754,0.0,0.0,NVDA,2025-05-05 10:47:10
2025-04-14 09:45:00-04:00,111.81500244140625,112.19999694824219,111.80999755859375,112.19000244140625,1759995,0.0,0.0,NVDA,2025-05-05 10:47:10
2025-04-14 09:46:00-04:00,112.19000244140625,112.22000122070312,111.62000274658203,111.72000122070312,1416499,0.0,0.0,NVDA,2025-05-05 10:47:10
2025-04-14 09:47:00-04:00,111.70999908447266,112.0999984741211,111.61000061035156,111.9645004272461,1069198,0.0,0.0,NVDA,2025-05-05 10:47:10
2025-04-14 09:48:00-04:00,111.98999786376953,112.5199966430664,111.94999694824219,112.5198974609375,1278023,0.0,0.0,NVDA,2025-05-05 10:47:10
2025-04-14 09:49:00-04:00,112.5250015258789,112.55999755859375,112.26239776611328,112.38500213623047,1059849,0.0,0.0,NVDA,2025-05-05 10:47:10
2025-04-14 09:50:00-04:00,112.39179992675781,112.52999877929688,112.34089660644531,112.45999908447266,927348,0.0,0.0,NVDA,2025-05-05 10:47:10
2025-04-14 09:51:00-04:00,112.47000122070312,112.7300033569336,112.05999755859375,112.12000274658203,1287998,0.0,0.0,NVDA,2025-05-05 10:47:10
2025-04-14 09:52:00-04:00,112.11000061035156,112.18000030517578,111.87999725341797,112.05999755859375,1095021,0.0,0.0,NVDA,2025-05-05 10:47:10
2025-04-14 09:53:00-04:00,112.05999755859375,112.61000061035156,111.83000183105469,112.49349975585938,1016848,0.0,0.0,NVDA,2025-05-05 10:47:10
2025-04-14 09:54:00-04:00,112.48500061035156,112.51000213623047,112.12000274658203,112.41999816894531,761896,0.0,0.0,NVDA,2025-05-05 10:47:10
2025-04-14 09:55:00-04:00,112.41999816894531,112.48999786376953,112.01090240478516,112.21029663085938,807891,0.0,0.0,NVDA,2025-05-05 10:47:10
2025-04-14 09:56:00-04:00,112.20999908447266,112.38999938964844,111.94000244140625,112.11530303955078,730267,0.0,0.0,NVDA,2025-05-05 10:47:10
2025-04-14 09:57:00-04:00,112.11000061035156,112.19000244140625,111.9000015258789,111.95999908447266,687053,0.0,0.0,NVDA,2025-05-05 10:47:10
2025-04-14 09:58:00-04:00,111.97000122070312,112.30000305175781,111.91020202636719,112.02079772949219,619541,0.0,0.0,NVDA,2025-05-05 10:47:10
2025-04-14 09:59:00-04:00,112.0199966430664,112.1050033569336,111.6500015258789,111.6760025024414,1066272,0.0,0.0,NVDA,2025-05-05 10:47:10
2025-04-14 10:00:00-04:00,111.69000244140625,112.125,111.69000244140625,111.90350341796875,872027,0.0,0.0,NVDA,2025-05-05 10:47:10
2025-04-14 10:01:00-04:00,111.91500091552734,112.27570343017578,111.7300033569336,112.1500015258789,842234,0.0,0.0,NVDA,2025-05-05 10:47:10
2025-04-14 10:02:00-04:00,112.1500015258789,112.46399688720703,112.06999969482422,112.44000244140625,867791,0.0,0.0,NVDA,2025-05-05 10:47:10
2025-04-14 10:03:00-04:00,112.44170379638672,112.87999725341797,112.36299896240234,112.76969909667969,1339312,0.0,0.0,NVDA,2025-05-05 10:47:10
2025-04-14 10:04:00-04:00,112.7699966430664,112.93000030517578,112.72000122070312,112.83999633789062,922611,0.0,0.0,NVDA,2025-05-05 10:47:10
2025-04-14 10:05:00-04:00,112.83499908447266,113.04000091552734,112.7699966430664,112.9800033569336,1077383,0.0,0.0,NVDA,2025-05-05 10:47:10
2025-04-14 10:06:00-04:00,112.99980163574219,113.01499938964844,112.66000366210938,112.7300033569336,950595,0.0,0.0,NVDA,2025-05-05 10:47:10
2025-04-14 10:07:00-04:00,112.7300033569336,112.74500274658203,112.44999694824219,112.68150329589844,856210,0.0,0.0,NVDA,2025-05-05 10:47:10
2025-04-14 10:08:00-04:00,112.68699645996094,112.8499984741211,112.65249633789062,112.73600006103516,590820,0.0,0.0,NVDA,2025-05-05 10:47:10
2025-04-14 10:09:00-04:00,112.73999786376953,112.91999816894531,112.33000183105469,112.38999938964844,978245,0.0,0.0,NVDA,2025-05-05 10:47:10
2025-04-14 10:10:00-04:00,112.40499877929688,112.46499633789062,112.19999694824219,112.36109924316406,779187,0.0,0.0,NVDA,2025-05-05 10:47:10
2025-04-14 10:11:00-04:00,112.36499786376953,112.54000091552734,112.13999938964844,112.19000244140625,878594,0.0,0.0,NVDA,2025-05-05 10:47:10
2025-04-14 10:12:00-04:00,112.19999694824219,112.31999969482422,112.02999877929688,112.18499755859375,740820,0.0,0.0,NVDA,2025-05-05 10:47:10
2025-04-14 10:13:00-04:00,112.19000244140625,112.56999969482422,112.08999633789062,112.45099639892578,734266,0.0,0.0,NVDA,2025-05-05 10:47:10
2025-04-14 10:14:00-04:00,112.45500183105469,112.61000061035156,112.2699966430664,112.33000183105469,647832,0.0,0.0,NVDA,2025-05-05 10:47:10
2025-04-14 10:15:00-04:00,112.3499984741211,112.56999969482422,111.9000015258789,111.9800033569336,1117538,0.0,0.0,NVDA,2025-05-05 10:47:10
2025-04-14 10:16:00-04:00,111.9749984741211,112.18000030517578,111.76000213623047,112.15499877929688,804345,0.0,0.0,NVDA,2025-05-05 10:47:10
2025-04-14 10:17:00-04:00,112.15499877929688,112.17500305175781,111.87999725341797,111.90499877929688,603529,0.0,0.0,NVDA,2025-05-05 10:47:10
2025-04-14 10:18:00-04:00,111.91000366210938,112.19000244140625,111.83999633789062,112.09200286865234,628533,0.0,0.0,NVDA,2025-05-05 10:47:10
2025-04-14 10:19:00-04:00,112.0999984741211,112.29000091552734,112.05000305175781,112.29000091552734,500208,0.0,0.0,NVDA,2025-05-05 10:47:10
2025-04-14 10:20:00-04:00,112.29499816894531,112.37999725341797,112.13999938964844,112.2698974609375,627142,0.0,0.0,NVDA,2025-05-05 10:47:10
2025-04-14 10:21:00-04:00,112.26000213623047,112.2699966430664,111.94999694824219,112.12000274658203,608844,0.0,0.0,NVDA,2025-05-05 10:47:10
2025-04-14 10:22:00-04:00,112.1488037109375,112.21499633789062,112.0199966430664,112.14330291748047,413654,0.0,0.0,NVDA,2025-05-05 10:47:10
2025-04-14 10:23:00-04:00,112.14009857177734,112.30999755859375,112.02999877929688,112.0999984741211,473597,0.0,0.0,NVDA,2025-05-05 10:47:10
2025-04-14 10:24:00-04:00,112.10320281982422,112.43000030517578,111.98999786376953,112.42990112304688,637740,0.0,0.0,NVDA,2025-05-05 10:47:10
2025-04-14 10:25:00-04:00,112.4312973022461,112.57990264892578,112.41999816894531,112.54499816894531,841501,0.0,0.0,NVDA,2025-05-05 10:47:10
2025-04-14 10:26:00-04:00,112.55000305175781,112.67179870605469,112.41000366210938,112.66089630126953,597285,0.0,0.0,NVDA,2025-05-05 10:47:10
2025-04-14 10:27:00-04:00,112.66699981689453,112.71399688720703,112.5,112.67500305175781,566293,0.0,0.0,NVDA,2025-05-05 10:47:10
2025-04-14 10:28:00-04:00,112.68080139160156,112.77999877929688,112.66999816894531,112.72000122070312,641123,0.0,0.0,NVDA,2025-05-05 10:47:10
2025-04-14 10:29:00-04:00,112.73999786376953,112.76000213623047,112.44000244140625,112.56700134277344,571598,0.0,0.0,NVDA,2025-05-05 10:47:10
2025-04-14 10:30:00-04:00,112.56500244140625,112.58999633789062,112.36180114746094,112.51000213623047,594132,0.0,0.0,NVDA,2025-05-05 10:47:10
2025-04-14 10:31:00-04:00,112.52140045166016,112.72000122070312,112.41000366210938,112.71009826660156,497939,0.0,0.0,NVDA,2025-05-05 10:47:10
2025-04-14 10:32:00-04:00,112.71499633789062,112.80999755859375,112.64099884033203,112.68240356445312,670447,0.0,0.0,NVDA,2025-05-05 10:47:10
2025-04-14 10:33:00-04:00,112.70010375976562,112.8499984741211,112.62999725341797,112.8499984741211,510509,0.0,0.0,NVDA,2025-05-05 10:47:10
2025-04-14 10:34:00-04:00,112.84500122070312,112.84649658203125,112.57009887695312,112.70999908447266,599598,0.0,0.0,NVDA,2025-05-05 10:47:10
2025-04-14 10:35:00-04:00,112.70500183105469,112.8499984741211,112.62000274658203,112.83989715576172,405069,0.0,0.0,NVDA,2025-05-05 10:47:10
2025-04-14 10:36:00-04:00,112.83999633789062,112.97000122070312,112.81999969482422,112.8447036743164,715824,0.0,0.0,NVDA,2025-05-05 10:47:10
2025-04-14 10:37:00-04:00,112.86000061035156,112.86499786376953,112.72000122070312,112.77999877929688,487479,0.0,0.0,NVDA,2025-05-05 10:47:10
2025-04-14 10:38:00-04:00,112.80000305175781,112.93000030517578,112.66999816894531,112.74500274658203,581465,0.0,0.0,NVDA,2025-05-05 10:47:10
2025-04-14 10:39:00-04:00,112.75499725341797,112.9800033569336,112.75499725341797,112.90499877929688,569048,0.0,0.0,NVDA,2025-05-05 10:47:10
2025-04-14 10:40:00-04:00,112.90499877929688,112.93000030517578,112.69000244140625,112.77449798583984,574775,0.0,0.0,NVDA,2025-05-05 10:47:10
2025-04-14 10:41:00-04:00,112.77100372314453,112.98999786376953,112.77100372314453,112.94989776611328,533199,0.0,0.0,NVDA,2025-05-05 10:47:10
2025-04-14 10:42:00-04:00,112.95999908447266,112.97000122070312,112.7699966430664,112.80999755859375,489185,0.0,0.0,NVDA,2025-05-05 10:47:10
2025-04-14 10:43:00-04:00,112.810302734375,112.82019805908203,112.47000122070312,112.70500183105469,763092,0.0,0.0,NVDA,2025-05-05 10:47:10
2025-04-14 10:44:00-04:00,112.70999908447266,112.7750015258789,112.49500274658203,112.56999969482422,530008,0.0,0.0,NVDA,2025-05-05 10:47:10
2025-04-14 10:45:00-04:00,112.5615005493164,112.6500015258789,112.45939636230469,112.59989929199219,430403,0.0,0.0,NVDA,2025-05-05 10:47:10
2025-04-14 10:46:00-04:00,112.5999984741211,112.6500015258789,112.41179656982422,112.43000030517578,417678,0.0,0.0,NVDA,2025-05-05 10:47:10
2025-04-14 10:47:00-04:00,112.41000366210938,112.68499755859375,112.4000015258789,112.62699890136719,672113,0.0,0.0,NVDA,2025-05-05 10:47:10
2025-04-14 10:48:00-04:00,112.625,112.63999938964844,112.54000091552734,112.59500122070312,350863,0.0,0.0,NVDA,2025-05-05 10:47:10
2025-04-14 10:49:00-04:00,112.59500122070312,112.67400360107422,112.48999786376953,112.54010009765625,443164,0.0,0.0,NVDA,2025-05-05 10:47:10
2025-04-14 10:50:00-04:00,112.5801010131836,112.61000061035156,112.3949966430664,112.57499694824219,471662,0.0,0.0,NVDA,2025-05-05 10:47:10
2025-04-14 10:51:00-04:00,112.57499694824219,112.7300033569336,112.52999877929688,112.55000305175781,598512,0.0,0.0,NVDA,2025-05-05 10:47:10
2025-04-14 10:52:00-04:00,112.54340362548828,112.7699966430664,112.4800033569336,112.59010314941406,725042,0.0,0.0,NVDA,2025-05-05 10:47:10
2025-04-14 10:53:00-04:00,112.5999984741211,112.70999908447266,112.41010284423828,112.57499694824219,343217,0.0,0.0,NVDA,2025-05-05 10:47:10
2025-04-14 10:54:00-04:00,112.57499694824219,112.67500305175781,112.4800033569336,112.66500091552734,438474,0.0,0.0,NVDA,2025-05-05 10:47:10
2025-04-14 10:55:00-04:00,112.6698989868164,112.69999694824219,112.45999908447266,112.47000122070312,462812,0.0,0.0,NVDA,2025-05-05 10:47:10
2025-04-14 10:56:00-04:00,112.47000122070312,112.5199966430664,112.19020080566406,112.22000122070312,835395,0.0,0.0,NVDA,2025-05-05 10:47:10
2025-04-14 10:57:00-04:00,112.2300033569336,112.3499984741211,112.16999816894531,112.2699966430664,430664,0.0,0.0,NVDA,2025-05-05 10:47:10
2025-04-14 10:58:00-04:00,112.27639770507812,112.37999725341797,112.22000122070312,112.2698974609375,433102,0.0,0.0,NVDA,2025-05-05 10:47:10
2025-04-14 10:59:00-04:00,112.26000213623047,112.31999969482422,112.16999816894531,112.18499755859375,510059,0.0,0.0,NVDA,2025-05-05 10:47:10
2025-04-14 11:00:00-04:00,112.19000244140625,112.37999725341797,111.94159698486328,111.96990203857422,1007639,0.0,0.0,NVDA,2025-05-05 10:47:10
2025-04-14 11:01:00-04:00,111.9800033569336,112.16999816894531,111.91000366210938,112.02999877929688,496484,0.0,0.0,NVDA,2025-05-05 10:47:10
2025-04-14 11:02:00-04:00,112.04000091552734,112.12000274658203,111.99500274658203,112.03500366210938,475270,0.0,0.0,NVDA,2025-05-05 10:47:10
2025-04-14 11:03:00-04:00,112.03500366210938,112.13999938964844,111.94499969482422,112.12000274658203,527955,0.0,0.0,NVDA,2025-05-05 10:47:10
2025-04-14 11:04:00-04:00,112.125,112.23999786376953,112.01000213623047,112.13030242919922,492219,0.0,0.0,NVDA,2025-05-05 10:47:10
2025-04-14 11:05:00-04:00,112.13999938964844,112.19000244140625,112.0602035522461,112.08999633789062,296375,0.0,0.0,NVDA,2025-05-05 10:47:10
2025-04-14 11:06:00-04:00,112.0999984741211,112.14990234375,111.97000122070312,112.14990234375,520690,0.0,0.0,NVDA,2025-05-05 10:47:10
2025-04-14 11:07:00-04:00,112.13999938964844,112.2300033569336,111.9916000366211,112.21080017089844,469631,0.0,0.0,NVDA,2025-05-05 10:47:10
2025-04-14 11:08:00-04:00,112.21199798583984,112.30000305175781,112.16169738769531,112.28500366210938,471420,0.0,0.0,NVDA,2025-05-05 10:47:10
2025-04-14 11:09:00-04:00,112.29000091552734,112.43000030517578,112.24009704589844,112.39790344238281,543583,0.0,0.0,NVDA,2025-05-05 10:47:10
2025-04-14 11:10:00-04:00,112.38999938964844,112.5999984741211,112.37000274658203,112.48300170898438,733465,0.0,0.0,NVDA,2025-05-05 10:47:10
2025-04-14 11:11:00-04:00,112.48999786376953,112.52999877929688,112.3301010131836,112.38300323486328,433910,0.0,0.0,NVDA,2025-05-05 10:47:10
2025-04-14 11:12:00-04:00,112.38500213623047,112.4000015258789,112.11000061035156,112.16999816894531,420423,0.0,0.0,NVDA,2025-05-05 10:47:10
2025-04-14 11:13:00-04:00,112.18000030517578,112.19999694824219,112.0199966430664,112.03500366210938,341144,0.0,0.0,NVDA,2025-05-05 10:47:10
2025-04-14 11:14:00-04:00,112.03070068359375,112.1050033569336,111.94000244140625,112.01000213623047,665200,0.0,0.0,NVDA,2025-05-05 10:47:10
2025-04-14 11:15:00-04:00,112.0199966430664,112.12999725341797,111.85009765625,112.03600311279297,624287,0.0,0.0,NVDA,2025-05-05 10:47:10
2025-04-14 11:16:00-04:00,112.04010009765625,112.05660247802734,111.93000030517578,112.02999877929688,368812,0.0,0.0,NVDA,2025-05-05 10:47:10
2025-04-14 11:17:00-04:00,112.02999877929688,112.05500030517578,111.91999816894531,112.00499725341797,327350,0.0,0.0,NVDA,2025-05-05 10:47:10
2025-04-14 11:18:00-04:00,112.0,112.08000183105469,111.93000030517578,112.07099914550781,287844,0.0,0.0,NVDA,2025-05-05 10:47:10
2025-04-14 11:19:00-04:00,112.0708999633789,112.1698989868164,112.0199966430664,112.131103515625,374947,0.0,0.0,NVDA,2025-05-05 10:47:10
2025-04-14 11:20:00-04:00,112.13999938964844,112.16000366210938,111.91000366210938,111.96700286865234,463767,0.0,0.0,NVDA,2025-05-05 10:47:10
2025-04-14 11:21:00-04:00,111.9729995727539,112.17500305175781,111.97000122070312,112.17500305175781,445620,0.0,0.0,NVDA,2025-05-05 10:47:10
2025-04-14 11:22:00-04:00,112.17500305175781,112.21499633789062,112.08999633789062,112.18000030517578,496422,0.0,0.0,NVDA,2025-05-05 10:47:10
2025-04-14 11:23:00-04:00,112.16999816894531,112.22000122070312,112.08999633789062,112.1500015258789,1073706,0.0,0.0,NVDA,2025-05-05 10:47:10
2025-04-14 11:24:00-04:00,112.16000366210938,112.25499725341797,112.08499908447266,112.19000244140625,353445,0.0,0.0,NVDA,2025-05-05 10:47:10
2025-04-14 11:25:00-04:00,112.19000244140625,112.25499725341797,112.12000274658203,112.21369934082031,454243,0.0,0.0,NVDA,2025-05-05 10:47:10
2025-04-14 11:26:00-04:00,112.22000122070312,112.23400115966797,111.88999938964844,111.94000244140625,530509,0.0,0.0,NVDA,2025-05-05 10:47:10
2025-04-14 11:27:00-04:00,111.94000244140625,111.98999786376953,111.76429748535156,111.86499786376953,777700,0.0,0.0,NVDA,2025-05-05 10:47:10
2025-04-14 11:28:00-04:00,111.87999725341797,111.93000030517578,111.72599792480469,111.79000091552734,573881,0.0,0.0,NVDA,2025-05-05 10:47:10
2025-04-14 11:29:00-04:00,111.79000091552734,111.80999755859375,111.30000305175781,111.33350372314453,1481952,0.0,0.0,NVDA,2025-05-05 10:47:10
2025-04-14 11:30:00-04:00,111.3499984741211,111.37999725341797,111.125,111.30999755859375,942903,0.0,0.0,NVDA,2025-05-05 10:47:10
2025-04-14 11:31:00-04:00,111.30999755859375,111.5999984741211,111.20020294189453,111.55000305175781,761739,0.0,0.0,NVDA,2025-05-05 10:47:10
2025-04-14 11:32:00-04:00,111.55000305175781,111.66000366210938,111.44999694824219,111.51499938964844,549127,0.0,0.0,NVDA,2025-05-05 10:47:10
2025-04-14 11:33:00-04:00,111.51499938964844,111.5199966430664,111.33999633789062,111.36499786376953,402947,0.0,0.0,NVDA,2025-05-05 10:47:10
2025-04-14 11:34:00-04:00,111.36499786376953,111.4800033569336,111.31999969482422,111.4800033569336,394427,0.0,0.0,NVDA,2025-05-05 10:47:10
2025-04-14 11:35:00-04:00,111.5,111.54000091552734,111.27999877929688,111.33000183105469,467151,0.0,0.0,NVDA,2025-05-05 10:47:10
2025-04-14 11:36:00-04:00,111.34100341796875,111.34100341796875,111.18000030517578,111.23500061035156,522107,0.0,0.0,NVDA,2025-05-05 10:47:10
2025-04-14 11:37:00-04:00,111.2301025390625,111.25,110.66000366210938,110.67500305175781,3303148,0.0,0.0,NVDA,2025-05-05 10:47:10
2025-04-14 11:38:00-04:00,110.68000030517578,110.75,110.37000274658203,110.38999938964844,1046322,0.0,0.0,NVDA,2025-05-05 10:47:10
2025-04-14 11:39:00-04:00,110.38999938964844,110.58999633789062,110.3447036743164,110.55999755859375,962175,0.0,0.0,NVDA,2025-05-05 10:47:10
2025-04-14 11:40:00-04:00,110.55500030517578,110.62989807128906,110.3499984741211,110.40499877929688,623868,0.0,0.0,NVDA,2025-05-05 10:47:10
2025-04-14 11:41:00-04:00,110.40470123291016,110.52989959716797,110.23500061035156,110.4800033569336,809865,0.0,0.0,NVDA,2025-05-05 10:47:10
2025-04-14 11:42:00-04:00,110.48500061035156,110.54499816894531,110.37000274658203,110.3949966430664,481967,0.0,0.0,NVDA,2025-05-05 10:47:10
2025-04-14 11:43:00-04:00,110.3949966430664,110.58000183105469,110.38999938964844,110.56500244140625,437570,0.0,0.0,NVDA,2025-05-05 10:47:10
2025-04-14 11:44:00-04:00,110.55999755859375,110.73999786376953,110.5000991821289,110.65499877929688,896699,0.0,0.0,NVDA,2025-05-05 10:47:10
2025-04-14 11:45:00-04:00,110.6500015258789,110.6792984008789,109.94999694824219,109.98999786376953,1732654,0.0,0.0,NVDA,2025-05-05 10:47:10
2025-04-14 11:46:00-04:00,109.9800033569336,110.11499786376953,109.58000183105469,109.63500213623047,1261084,0.0,0.0,NVDA,2025-05-05 10:47:10
2025-04-14 11:47:00-04:00,109.62999725341797,109.86000061035156,109.52999877929688,109.86000061035156,1041974,0.0,0.0,NVDA,2025-05-05 10:47:10
2025-04-14 11:48:00-04:00,109.83999633789062,109.87999725341797,109.5199966430664,109.56999969482422,677930,0.0,0.0,NVDA,2025-05-05 10:47:10
2025-04-14 11:49:00-04:00,109.56999969482422,109.69999694824219,109.5,109.6050033569336,649593,0.0,0.0,NVDA,2025-05-05 10:47:10
2025-04-14 11:50:00-04:00,109.58999633789062,109.80000305175781,109.4800033569336,109.69000244140625,757749,0.0,0.0,NVDA,2025-05-05 10:47:10
2025-04-14 11:51:00-04:00,109.69999694824219,109.7249984741211,109.23999786376953,109.44000244140625,1108466,0.0,0.0,NVDA,2025-05-05 10:47:10
2025-04-14 11:52:00-04:00,109.447998046875,109.48999786376953,109.20500183105469,109.44499969482422,676604,0.0,0.0,NVDA,2025-05-05 10:47:10
2025-04-14 11:53:00-04:00,109.43009948730469,109.87999725341797,109.36250305175781,109.8499984741211,914679,0.0,0.0,NVDA,2025-05-05 10:47:10
2025-04-14 11:54:00-04:00,109.84500122070312,109.87999725341797,109.7300033569336,109.86499786376953,580456,0.0,0.0,NVDA,2025-05-05 10:47:10
2025-04-14 11:55:00-04:00,109.87000274658203,110.12999725341797,109.77999877929688,110.0801010131836,851300,0.0,0.0,NVDA,2025-05-05 10:47:10
2025-04-14 11:56:00-04:00,110.08979797363281,110.34500122070312,110.06009674072266,110.26000213623047,1007718,0.0,0.0,NVDA,2025-05-05 10:47:10
2025-04-14 11:57:00-04:00,110.26959991455078,110.37000274658203,110.18000030517578,110.24500274658203,525686,0.0,0.0,NVDA,2025-05-05 10:47:10
2025-04-14 11:58:00-04:00,110.23999786376953,110.23999786376953,109.94000244140625,110.0448989868164,590035,0.0,0.0,NVDA,2025-05-05 10:47:10
2025-04-14 11:59:00-04:00,110.05000305175781,110.05000305175781,109.63999938964844,109.6449966430664,624967,0.0,0.0,NVDA,2025-05-05 10:47:10
2025-04-14 12:00:00-04:00,109.66000366210938,109.72000122070312,109.45999908447266,109.70500183105469,658304,0.0,0.0,NVDA,2025-05-05 10:47:10
2025-04-14 12:01:00-04:00,109.70500183105469,110.08000183105469,109.70089721679688,109.99469757080078,648329,0.0,0.0,NVDA,2025-05-05 10:47:10
2025-04-14 12:02:00-04:00,109.98999786376953,110.05999755859375,109.93000030517578,109.96150207519531,373563,0.0,0.0,NVDA,2025-05-05 10:47:10
2025-04-14 12:03:00-04:00,109.96499633789062,109.98100280761719,109.75,109.80000305175781,431322,0.0,0.0,NVDA,2025-05-05 10:47:10
2025-04-14 12:04:00-04:00,109.79000091552734,110.0999984741211,109.7699966430664,110.08000183105469,425134,0.0,0.0,NVDA,2025-05-05 10:47:10
2025-04-14 12:05:00-04:00,110.08000183105469,110.23500061035156,110.04000091552734,110.10479736328125,458909,0.0,0.0,NVDA,2025-05-05 10:47:10
2025-04-14 12:06:00-04:00,110.11000061035156,110.125,109.87999725341797,109.94999694824219,350492,0.0,0.0,NVDA,2025-05-05 10:47:10
2025-04-14 12:07:00-04:00,109.94499969482422,110.1500015258789,109.94000244140625,109.97000122070312,386387,0.0,0.0,NVDA,2025-05-05 10:47:10
2025-04-14 12:08:00-04:00,109.9800033569336,109.9800033569336,109.7301025390625,109.93000030517578,474471,0.0,0.0,NVDA,2025-05-05 10:47:10
2025-04-14 12:09:00-04:00,109.94000244140625,109.98999786376953,109.76000213623047,109.85399627685547,384253,0.0,0.0,NVDA,2025-05-05 10:47:10
2025-04-14 12:10:00-04:00,109.86000061035156,110.05999755859375,109.66000366210938,109.75,561730,0.0,0.0,NVDA,2025-05-05 10:47:10
2025-04-14 12:11:00-04:00,109.73999786376953,109.79000091552734,109.06999969482422,109.12999725341797,1156301,0.0,0.0,NVDA,2025-05-05 10:47:10
2025-04-14 12:12:00-04:00,109.12999725341797,109.51000213623047,109.0999984741211,109.46009826660156,892511,0.0,0.0,NVDA,2025-05-05 10:47:10
2025-04-14 12:13:00-04:00,109.47000122070312,109.66999816894531,109.33999633789062,109.60009765625,625968,0.0,0.0,NVDA,2025-05-05 10:47:10
2025-04-14 12:14:00-04:00,109.5999984741211,109.87999725341797,109.4800033569336,109.75,663524,0.0,0.0,NVDA,2025-05-05 10:47:10
2025-04-14 12:15:00-04:00,109.76000213623047,110.01000213623047,109.69999694824219,109.87999725341797,474909,0.0,0.0,NVDA,2025-05-05 10:47:10
2025-04-14 12:16:00-04:00,109.88040161132812,109.97000122070312,109.7300033569336,109.7490005493164,426913,0.0,0.0,NVDA,2025-05-05 10:47:10
2025-04-14 12:17:00-04:00,109.7300033569336,109.86000061035156,109.6500015258789,109.6801986694336,836770,0.0,0.0,NVDA,2025-05-05 10:47:10
2025-04-14 12:18:00-04:00,109.68720245361328,110.02999877929688,109.52999877929688,109.95999908447266,677889,0.0,0.0,NVDA,2025-05-05 10:47:10
2025-04-14 12:19:00-04:00,109.97000122070312,110.2699966430664,109.8499984741211,110.12999725341797,980306,0.0,0.0,NVDA,2025-05-05 10:47:10
2025-04-14 12:20:00-04:00,110.12999725341797,110.29000091552734,110.01000213623047,110.11509704589844,482507,0.0,0.0,NVDA,2025-05-05 10:47:10
2025-04-14 12:21:00-04:00,110.12999725341797,110.47000122070312,110.08999633789062,110.42279815673828,624048,0.0,0.0,NVDA,2025-05-05 10:47:10
2025-04-14 12:22:00-04:00,110.44000244140625,110.45999908447266,110.18000030517578,110.2698974609375,546931,0.0,0.0,NVDA,2025-05-05 10:47:10
2025-04-14 12:23:00-04:00,110.2699966430664,110.30999755859375,110.0,110.01000213623047,452530,0.0,0.0,NVDA,2025-05-05 10:47:10
2025-04-14 12:24:00-04:00,110.01000213623047,110.37999725341797,109.94999694824219,110.29000091552734,625411,0.0,0.0,NVDA,2025-05-05 10:47:10
2025-04-14 12:25:00-04:00,110.29000091552734,110.37000274658203,110.0999984741211,110.20040130615234,350414,0.0,0.0,NVDA,2025-05-05 10:47:10
2025-04-14 12:26:00-04:00,110.19999694824219,110.33910369873047,110.19999694824219,110.2698974609375,332922,0.0,0.0,NVDA,2025-05-05 10:47:10
2025-04-14 12:27:00-04:00,110.25,110.31999969482422,109.91000366210938,109.91999816894531,601676,0.0,0.0,NVDA,2025-05-05 10:47:10
2025-04-14 12:28:00-04:00,109.9124984741211,110.1500015258789,109.8499984741211,109.91999816894531,449678,0.0,0.0,NVDA,2025-05-05 10:47:10
2025-04-14 12:29:00-04:00,109.91500091552734,110.13999938964844,109.88999938964844,110.02999877929688,253358,0.0,0.0,NVDA,2025-05-05 10:47:10
2025-04-14 12:30:00-04:00,110.02999877929688,110.2300033569336,109.93499755859375,110.21499633789062,438585,0.0,0.0,NVDA,2025-05-05 10:47:10
2025-04-14 12:31:00-04:00,110.21499633789062,110.47000122070312,110.16069793701172,110.44999694824219,541869,0.0,0.0,NVDA,2025-05-05 10:47:10
2025-04-14 12:32:00-04:00,110.44000244140625,110.5,110.33999633789062,110.42400360107422,428741,0.0,0.0,NVDA,2025-05-05 10:47:10
2025-04-14 12:33:00-04:00,110.41999816894531,110.58999633789062,110.41000366210938,110.55999755859375,512928,0.0,0.0,NVDA,2025-05-05 10:47:10
2025-04-14 12:34:00-04:00,110.55999755859375,110.76000213623047,110.53500366210938,110.73500061035156,524451,0.0,0.0,NVDA,2025-05-05 10:47:10
2025-04-14 12:35:00-04:00,110.73699951171875,110.91999816894531,110.7300033569336,110.77999877929688,721509,0.0,0.0,NVDA,2025-05-05 10:47:10
2025-04-14 12:36:00-04:00,110.78990173339844,110.90650177001953,110.760498046875,110.87999725341797,502991,0.0,0.0,NVDA,2025-05-05 10:47:10
2025-04-14 12:37:00-04:00,110.87999725341797,110.91999816894531,110.72000122070312,110.89700317382812,457454,0.0,0.0,NVDA,2025-05-05 10:47:10
2025-04-14 12:38:00-04:00,110.88999938964844,111.01000213623047,110.86579895019531,110.91999816894531,523759,0.0,0.0,NVDA,2025-05-05 10:47:10
2025-04-14 12:39:00-04:00,110.91500091552734,110.94000244140625,110.73999786376953,110.79000091552734,323824,0.0,0.0,NVDA,2025-05-05 10:47:10
2025-04-14 12:40:00-04:00,110.78500366210938,111.05000305175781,110.77999877929688,111.02999877929688,508572,0.0,0.0,NVDA,2025-05-05 10:47:10
2025-04-14 12:41:00-04:00,111.02999877929688,111.12000274658203,110.94999694824219,111.09010314941406,437190,0.0,0.0,NVDA,2025-05-05 10:47:10
2025-04-14 12:42:00-04:00,111.08999633789062,111.12000274658203,110.77529907226562,110.86000061035156,454625,0.0,0.0,NVDA,2025-05-05 10:47:10
2025-04-14 12:43:00-04:00,110.8499984741211,111.0199966430664,110.7249984741211,110.97019958496094,407320,0.0,0.0,NVDA,2025-05-05 10:47:10
2025-04-14 12:44:00-04:00,110.95999908447266,111.08999633789062,110.80999755859375,111.07270050048828,356774,0.0,0.0,NVDA,2025-05-05 10:47:10
2025-04-14 12:45:00-04:00,111.07499694824219,111.08399963378906,110.91000366210938,111.00240325927734,315140,0.0,0.0,NVDA,2025-05-05 10:47:10
2025-04-14 12:46:00-04:00,111.0,111.02999877929688,110.7699966430664,110.98300170898438,403288,0.0,0.0,NVDA,2025-05-05 10:47:10
2025-04-14 12:47:00-04:00,110.9801025390625,111.05999755859375,110.94499969482422,110.9800033569336,273677,0.0,0.0,NVDA,2025-05-05 10:47:10
2025-04-14 12:48:00-04:00,110.98989868164062,111.05000305175781,110.85009765625,110.87999725341797,304738,0.0,0.0,NVDA,2025-05-05 10:47:10
2025-04-14 12:49:00-04:00,110.88500213623047,110.93499755859375,110.77999877929688,110.80010223388672,316965,0.0,0.0,NVDA,2025-05-05 10:47:10
2025-04-14 12:50:00-04:00,110.79000091552734,110.80999755859375,110.41010284423828,110.52999877929688,658255,0.0,0.0,NVDA,2025-05-05 10:47:10
2025-04-14 12:51:00-04:00,110.50170135498047,110.51000213623047,110.30000305175781,110.41999816894531,484783,0.0,0.0,NVDA,2025-05-05 10:47:10
2025-04-14 12:52:00-04:00,110.41999816894531,110.43990325927734,110.31500244140625,110.38500213623047,215151,0.0,0.0,NVDA,2025-05-05 10:47:10
2025-04-14 12:53:00-04:00,110.37999725341797,110.66000366210938,110.30999755859375,110.63249969482422,368776,0.0,0.0,NVDA,2025-05-05 10:47:10
2025-04-14 12:54:00-04:00,110.6500015258789,110.80999755859375,110.55999755859375,110.75,333500,0.0,0.0,NVDA,2025-05-05 10:47:10
2025-04-14 12:55:00-04:00,110.7699966430664,110.78500366210938,110.5999984741211,110.62999725341797,282391,0.0,0.0,NVDA,2025-05-05 10:47:10
2025-04-14 12:56:00-04:00,110.63500213623047,110.68000030517578,110.30000305175781,110.32109832763672,410190,0.0,0.0,NVDA,2025-05-05 10:47:10
2025-04-14 12:57:00-04:00,110.33499908447266,110.33499908447266,110.1500015258789,110.18119812011719,424230,0.0,0.0,NVDA,2025-05-05 10:47:10
2025-04-14 12:58:00-04:00,110.18470001220703,110.31999969482422,110.0999984741211,110.19000244140625,392882,0.0,0.0,NVDA,2025-05-05 10:47:10
2025-04-14 12:59:00-04:00,110.20999908447266,110.26000213623047,110.12000274658203,110.12190246582031,242418,0.0,0.0,NVDA,2025-05-05 10:47:10
2025-04-14 13:00:00-04:00,110.13999938964844,111.19000244140625,110.04000091552734,110.66999816894531,1558850,0.0,0.0,NVDA,2025-05-05 10:47:10
2025-04-14 13:01:00-04:00,110.69999694824219,110.7699966430664,110.3499984741211,110.70999908447266,499185,0.0,0.0,NVDA,2025-05-05 10:47:10
2025-04-14 13:02:00-04:00,110.7249984741211,110.78500366210938,110.44999694824219,110.63999938964844,416817,0.0,0.0,NVDA,2025-05-05 10:47:10
2025-04-14 13:03:00-04:00,110.63999938964844,110.6500015258789,110.25,110.30999755859375,330764,0.0,0.0,NVDA,2025-05-05 10:47:10
2025-04-14 13:04:00-04:00,110.3124008178711,110.48999786376953,110.29900360107422,110.38999938964844,338935,0.0,0.0,NVDA,2025-05-05 10:47:10
2025-04-14 13:05:00-04:00,110.4000015258789,110.5999984741211,110.30110168457031,110.3499984741211,388817,0.0,0.0,NVDA,2025-05-05 10:47:10
2025-04-14 13:06:00-04:00,110.3499984741211,110.54000091552734,110.231201171875,110.5,326058,0.0,0.0,NVDA,2025-05-05 10:47:10
2025-04-14 13:07:00-04:00,110.5,110.51000213623047,110.29010009765625,110.3499984741211,269681,0.0,0.0,NVDA,2025-05-05 10:47:10
2025-04-14 13:08:00-04:00,110.33999633789062,110.55999755859375,110.22000122070312,110.40519714355469,303253,0.0,0.0,NVDA,2025-05-05 10:47:10
2025-04-14 13:09:00-04:00,110.39399719238281,110.58000183105469,110.36000061035156,110.54989624023438,243339,0.0,0.0,NVDA,2025-05-05 10:47:10
2025-04-14 13:10:00-04:00,110.55999755859375,110.66999816894531,110.36009979248047,110.45059967041016,322559,0.0,0.0,NVDA,2025-05-05 10:47:10
2025-04-14 13:11:00-04:00,110.45999908447266,110.55999755859375,110.41000366210938,110.47000122070312,243083,0.0,0.0,NVDA,2025-05-05 10:47:10
2025-04-14 13:12:00-04:00,110.4800033569336,110.58000183105469,110.33000183105469,110.55999755859375,272835,0.0,0.0,NVDA,2025-05-05 10:47:10
2025-04-14 13:13:00-04:00,110.56999969482422,110.6500015258789,110.44000244140625,110.62000274658203,191294,0.0,0.0,NVDA,2025-05-05 10:47:10
2025-04-14 13:14:00-04:00,110.60700225830078,110.61499786376953,110.41010284423828,110.51499938964844,203524,0.0,0.0,NVDA,2025-05-05 10:47:10
2025-04-14 13:15:00-04:00,110.5250015258789,110.55999755859375,110.37000274658203,110.4000015258789,237274,0.0,0.0,NVDA,2025-05-05 10:47:10
2025-04-14 13:16:00-04:00,110.38999938964844,110.41000366210938,110.25,110.30999755859375,296936,0.0,0.0,NVDA,2025-05-05 10:47:10
2025-04-14 13:17:00-04:00,110.30139923095703,110.48989868164062,110.28500366210938,110.47000122070312,243977,0.0,0.0,NVDA,2025-05-05 10:47:10
2025-04-14 13:18:00-04:00,110.47000122070312,110.62000274658203,110.44000244140625,110.61599731445312,288261,0.0,0.0,NVDA,2025-05-05 10:47:10
2025-04-14 13:19:00-04:00,110.61000061035156,110.63909912109375,110.51499938964844,110.63909912109375,239738,0.0,0.0,NVDA,2025-05-05 10:47:10
2025-04-14 13:20:00-04:00,110.63500213623047,110.65499877929688,110.48999786376953,110.62000274658203,248801,0.0,0.0,NVDA,2025-05-05 10:47:10
2025-04-14 13:21:00-04:00,110.62470245361328,110.70800018310547,110.58999633789062,110.68499755859375,380713,0.0,0.0,NVDA,2025-05-05 10:47:10
2025-04-14 13:22:00-04:00,110.68000030517578,110.75,110.61009979248047,110.73999786376953,405064,0.0,0.0,NVDA,2025-05-05 10:47:10
2025-04-14 13:23:00-04:00,110.7300033569336,111.15989685058594,110.70999908447266,110.75,550774,0.0,0.0,NVDA,2025-05-05 10:47:10
2025-04-14 13:24:00-04:00,110.75,110.93000030517578,110.75,110.9000015258789,421747,0.0,0.0,NVDA,2025-05-05 10:47:10
2025-04-14 13:25:00-04:00,110.9000015258789,110.91000366210938,110.66000366210938,110.72000122070312,425176,0.0,0.0,NVDA,2025-05-05 10:47:10
2025-04-14 13:26:00-04:00,110.7249984741211,110.80999755859375,110.69999694824219,110.75499725341797,254378,0.0,0.0,NVDA,2025-05-05 10:47:10
2025-04-14 13:27:00-04:00,110.76000213623047,110.80000305175781,110.56999969482422,110.6957015991211,319388,0.0,0.0,NVDA,2025-05-05 10:47:10
2025-04-14 13:28:00-04:00,110.70999908447266,110.71849822998047,110.55010223388672,110.58000183105469,312945,0.0,0.0,NVDA,2025-05-05 10:47:10
2025-04-14 13:29:00-04:00,110.58000183105469,110.58000183105469,110.36000061035156,110.44000244140625,487330,0.0,0.0,NVDA,2025-05-05 10:47:10
2025-04-14 13:30:00-04:00,110.43000030517578,110.56999969482422,110.41000366210938,110.4802017211914,270418,0.0,0.0,NVDA,2025-05-05 10:47:10
2025-04-14 13:31:00-04:00,110.48999786376953,110.54000091552734,110.0999984741211,110.12989807128906,591195,0.0,0.0,NVDA,2025-05-05 10:47:10
2025-04-14 13:32:00-04:00,110.125,110.44999694824219,110.05999755859375,110.37999725341797,464332,0.0,0.0,NVDA,2025-05-05 10:47:10
2025-04-14 13:33:00-04:00,110.34500122070312,110.47000122070312,110.30000305175781,110.41100311279297,321181,0.0,0.0,NVDA,2025-05-05 10:47:10
2025-04-14 13:34:00-04:00,110.41000366210938,110.43920135498047,110.33999633789062,110.39990234375,198739,0.0,0.0,NVDA,2025-05-05 10:47:10
2025-04-14 13:35:00-04:00,110.38999938964844,110.54399871826172,110.33999633789062,110.51499938964844,274341,0.0,0.0,NVDA,2025-05-05 10:47:10
2025-04-14 13:36:00-04:00,110.5199966430664,110.5999984741211,110.37999725341797,110.44000244140625,280941,0.0,0.0,NVDA,2025-05-05 10:47:10
2025-04-14 13:37:00-04:00,110.43009948730469,110.53990173339844,110.31999969482422,110.5250015258789,222855,0.0,0.0,NVDA,2025-05-05 10:47:10
2025-04-14 13:38:00-04:00,110.52110290527344,110.62000274658203,110.32009887695312,110.36979675292969,270368,0.0,0.0,NVDA,2025-05-05 10:47:10
2025-04-14 13:39:00-04:00,110.36499786376953,110.4800033569336,110.3198013305664,110.45999908447266,364151,0.0,0.0,NVDA,2025-05-05 10:47:10
2025-04-14 13:40:00-04:00,110.46289825439453,110.4800033569336,110.05000305175781,110.12999725341797,454990,0.0,0.0,NVDA,2025-05-05 10:47:10
2025-04-14 13:41:00-04:00,110.12000274658203,110.20989990234375,110.02999877929688,110.17449951171875,383748,0.0,0.0,NVDA,2025-05-05 10:47:10
2025-04-14 13:42:00-04:00,110.16999816894531,110.33999633789062,110.13999938964844,110.32330322265625,321398,0.0,0.0,NVDA,2025-05-05 10:47:10
2025-04-14 13:43:00-04:00,110.32499694824219,110.40499877929688,110.19999694824219,110.20999908447266,229257,0.0,0.0,NVDA,2025-05-05 10:47:10
2025-04-14 13:44:00-04:00,110.22000122070312,110.2300033569336,109.86000061035156,109.91999816894531,715467,0.0,0.0,NVDA,2025-05-05 10:47:10
2025-04-14 13:45:00-04:00,109.91999816894531,110.12000274658203,109.77999877929688,110.0999984741211,539523,0.0,0.0,NVDA,2025-05-05 10:47:10
2025-04-14 13:46:00-04:00,110.09300231933594,110.17019653320312,109.87999725341797,109.87999725341797,463890,0.0,0.0,NVDA,2025-05-05 10:47:10
2025-04-14 13:47:00-04:00,109.87000274658203,109.88999938964844,109.77999877929688,109.87979888916016,297820,0.0,0.0,NVDA,2025-05-05 10:47:10
2025-04-14 13:48:00-04:00,109.86499786376953,110.08499908447266,109.8499984741211,110.0698013305664,372396,0.0,0.0,NVDA,2025-05-05 10:47:10
2025-04-14 13:49:00-04:00,110.06089782714844,110.11000061035156,109.98999786376953,110.08499908447266,293598,0.0,0.0,NVDA,2025-05-05 10:47:10
2025-04-14 13:50:00-04:00,110.07499694824219,110.1449966430664,109.95999908447266,110.01000213623047,348211,0.0,0.0,NVDA,2025-05-05 10:47:10
2025-04-14 13:51:00-04:00,110.0093002319336,110.13999938964844,109.97969818115234,110.11000061035156,314942,0.0,0.0,NVDA,2025-05-05 10:47:10
2025-04-14 13:52:00-04:00,110.11000061035156,110.20999908447266,110.08000183105469,110.1792984008789,337906,0.0,0.0,NVDA,2025-05-05 10:47:10
2025-04-14 13:53:00-04:00,110.17420196533203,110.54720306396484,110.16999816894531,110.5000991821289,528951,0.0,0.0,NVDA,2025-05-05 10:47:10
2025-04-14 13:54:00-04:00,110.51499938964844,110.5999984741211,110.36000061035156,110.39250183105469,385488,0.0,0.0,NVDA,2025-05-05 10:47:10
2025-04-14 13:55:00-04:00,110.40499877929688,110.55000305175781,110.4000015258789,110.5199966430664,285654,0.0,0.0,NVDA,2025-05-05 10:47:10
2025-04-14 13:56:00-04:00,110.51000213623047,110.58000183105469,110.36000061035156,110.46749877929688,221576,0.0,0.0,NVDA,2025-05-05 10:47:10
2025-04-14 13:57:00-04:00,110.44999694824219,110.62000274658203,110.43000030517578,110.6011962890625,273115,0.0,0.0,NVDA,2025-05-05 10:47:10
2025-04-14 13:58:00-04:00,110.6050033569336,110.64859771728516,110.5250015258789,110.58830261230469,300670,0.0,0.0,NVDA,2025-05-05 10:47:10
2025-04-14 13:59:00-04:00,110.58499908447266,110.70610046386719,110.58000183105469,110.625,270391,0.0,0.0,NVDA,2025-05-05 10:47:10
2025-04-14 14:00:00-04:00,110.61000061035156,110.73999786376953,110.55999755859375,110.73500061035156,262761,0.0,0.0,NVDA,2025-05-05 10:47:10
2025-04-14 14:01:00-04:00,110.7313003540039,110.87000274658203,110.70999908447266,110.82499694824219,351876,0.0,0.0,NVDA,2025-05-05 10:47:10
2025-04-14 14:02:00-04:00,110.81999969482422,110.9800033569336,110.80999755859375,110.93009948730469,487740,0.0,0.0,NVDA,2025-05-05 10:47:10
2025-04-14 14:03:00-04:00,110.93009948730469,111.05000305175781,110.87000274658203,111.03500366210938,495339,0.0,0.0,NVDA,2025-05-05 10:47:10
2025-04-14 14:04:00-04:00,111.04000091552734,111.05000305175781,110.9000015258789,110.94210052490234,319811,0.0,0.0,NVDA,2025-05-05 10:47:10
2025-04-14 14:05:00-04:00,110.94499969482422,111.03900146484375,110.83159637451172,110.96489715576172,399977,0.0,0.0,NVDA,2025-05-05 10:47:10
2025-04-14 14:06:00-04:00,110.96099853515625,111.30000305175781,110.96099853515625,111.27169799804688,755697,0.0,0.0,NVDA,2025-05-05 10:47:10
2025-04-14 14:07:00-04:00,111.2699966430664,111.30000305175781,111.12999725341797,111.22509765625,416478,0.0,0.0,NVDA,2025-05-05 10:47:10
2025-04-14 14:08:00-04:00,111.22000122070312,111.25,111.04499816894531,111.12000274658203,538265,0.0,0.0,NVDA,2025-05-05 10:47:10
2025-04-14 14:09:00-04:00,111.12989807128906,111.16999816894531,111.05000305175781,111.05999755859375,276057,0.0,0.0,NVDA,2025-05-05 10:47:10
2025-04-14 14:10:00-04:00,111.06500244140625,111.06500244140625,110.80999755859375,110.86640167236328,531211,0.0,0.0,NVDA,2025-05-05 10:47:10
2025-04-14 14:11:00-04:00,110.8550033569336,111.0999984741211,110.83000183105469,110.87940216064453,475538,0.0,0.0,NVDA,2025-05-05 10:47:10
2025-04-14 14:12:00-04:00,110.87999725341797,110.90499877929688,110.66000366210938,110.7249984741211,440135,0.0,0.0,NVDA,2025-05-05 10:47:10
2025-04-14 14:13:00-04:00,110.72470092773438,110.88999938964844,110.72000122070312,110.83999633789062,336984,0.0,0.0,NVDA,2025-05-05 10:47:10
2025-04-14 14:14:00-04:00,110.83999633789062,110.86650085449219,110.72029876708984,110.82990264892578,257876,0.0,0.0,NVDA,2025-05-05 10:47:10
2025-04-14 14:15:00-04:00,110.82679748535156,110.83499908447266,110.68000030517578,110.74500274658203,304532,0.0,0.0,NVDA,2025-05-05 10:47:10
2025-04-14 14:16:00-04:00,110.74500274658203,110.87000274658203,110.7300033569336,110.84359741210938,296984,0.0,0.0,NVDA,2025-05-05 10:47:10
2025-04-14 14:17:00-04:00,110.83999633789062,110.94999694824219,110.81999969482422,110.91169738769531,252197,0.0,0.0,NVDA,2025-05-05 10:47:10
2025-04-14 14:18:00-04:00,110.91500091552734,110.95999908447266,110.88999938964844,110.9000015258789,192974,0.0,0.0,NVDA,2025-05-05 10:47:10
2025-04-14 14:19:00-04:00,110.90260314941406,110.96929931640625,110.72000122070312,110.96499633789062,223011,0.0,0.0,NVDA,2025-05-05 10:47:10
2025-04-14 14:20:00-04:00,110.96499633789062,111.19999694824219,110.94999694824219,111.17469787597656,483977,0.0,0.0,NVDA,2025-05-05 10:47:10
2025-04-14 14:21:00-04:00,111.16999816894531,111.2699966430664,111.13999938964844,111.20999908447266,530873,0.0,0.0,NVDA,2025-05-05 10:47:10
2025-04-14 14:22:00-04:00,111.20999908447266,111.31999969482422,111.18000030517578,111.27909851074219,360402,0.0,0.0,NVDA,2025-05-05 10:47:10
2025-04-14 14:23:00-04:00,111.2750015258789,111.29000091552734,111.16999816894531,111.27999877929688,270995,0.0,0.0,NVDA,2025-05-05 10:47:10
2025-04-14 14:24:00-04:00,111.28500366210938,111.36000061035156,111.2750015258789,111.32129669189453,362471,0.0,0.0,NVDA,2025-05-05 10:47:10
2025-04-14 14:25:00-04:00,111.31999969482422,111.36000061035156,111.19000244140625,111.22540283203125,280707,0.0,0.0,NVDA,2025-05-05 10:47:10
2025-04-14 14:26:00-04:00,111.19999694824219,111.26000213623047,111.14029693603516,111.20999908447266,307133,0.0,0.0,NVDA,2025-05-05 10:47:10
2025-04-14 14:27:00-04:00,111.20500183105469,111.33999633789062,111.19999694824219,111.32009887695312,254580,0.0,0.0,NVDA,2025-05-05 10:47:10
2025-04-14 14:28:00-04:00,111.32499694824219,111.33000183105469,111.25,111.28500366210938,185359,0.0,0.0,NVDA,2025-05-05 10:47:10
2025-04-14 14:29:00-04:00,111.28500366210938,111.30000305175781,111.19000244140625,111.19999694824219,213973,0.0,0.0,NVDA,2025-05-05 10:47:10
2025-04-14 14:30:00-04:00,111.19110107421875,111.27999877929688,111.0999984741211,111.2699966430664,385367,0.0,0.0,NVDA,2025-05-05 10:47:10
2025-04-14 14:31:00-04:00,111.2699966430664,111.54000091552734,111.2699966430664,111.53170013427734,788564,0.0,0.0,NVDA,2025-05-05 10:47:10
2025-04-14 14:32:00-04:00,111.53109741210938,111.53970336914062,111.3499984741211,111.36509704589844,319715,0.0,0.0,NVDA,2025-05-05 10:47:10
2025-04-14 14:33:00-04:00,111.36000061035156,111.41999816894531,111.2300033569336,111.25499725341797,618152,0.0,0.0,NVDA,2025-05-05 10:47:10
2025-04-14 14:34:00-04:00,111.26000213623047,111.37000274658203,111.23999786376953,111.31009674072266,280868,0.0,0.0,NVDA,2025-05-05 10:47:10
2025-04-14 14:35:00-04:00,111.31069946289062,111.36090087890625,111.22000122070312,111.33940124511719,219798,0.0,0.0,NVDA,2025-05-05 10:47:10
2025-04-14 14:36:00-04:00,111.33499908447266,111.37000274658203,111.23999786376953,111.24649810791016,200214,0.0,0.0,NVDA,2025-05-05 10:47:10
2025-04-14 14:37:00-04:00,111.24500274658203,111.37000274658203,111.23999786376953,111.33989715576172,230458,0.0,0.0,NVDA,2025-05-05 10:47:10
2025-04-14 14:38:00-04:00,111.33000183105469,111.39990234375,111.29000091552734,111.3499984741211,205156,0.0,0.0,NVDA,2025-05-05 10:47:10
2025-04-14 14:39:00-04:00,111.35099792480469,111.37999725341797,111.28140258789062,111.30999755859375,147931,0.0,0.0,NVDA,2025-05-05 10:47:10
2025-04-14 14:40:00-04:00,111.30000305175781,111.44999694824219,111.29499816894531,111.4000015258789,288416,0.0,0.0,NVDA,2025-05-05 10:47:10
2025-04-14 14:41:00-04:00,111.41000366210938,111.45989990234375,111.38999938964844,111.41999816894531,218930,0.0,0.0,NVDA,2025-05-05 10:47:10
2025-04-14 14:42:00-04:00,111.41999816894531,111.44000244140625,111.3114013671875,111.41500091552734,196109,0.0,0.0,NVDA,2025-05-05 10:47:10
2025-04-14 14:43:00-04:00,111.41999816894531,111.5199966430664,111.41000366210938,111.48999786376953,289422,0.0,0.0,NVDA,2025-05-05 10:47:10
2025-04-14 14:44:00-04:00,111.48999786376953,111.63999938964844,111.44999694824219,111.63500213623047,474606,0.0,0.0,NVDA,2025-05-05 10:47:10
2025-04-14 14:45:00-04:00,111.62999725341797,111.66000366210938,111.41500091552734,111.47000122070312,409830,0.0,0.0,NVDA,2025-05-05 10:47:10
2025-04-14 14:46:00-04:00,111.4749984741211,111.54000091552734,111.2699966430664,111.27010345458984,470342,0.0,0.0,NVDA,2025-05-05 10:47:10
2025-04-14 14:47:00-04:00,111.27010345458984,111.41500091552734,111.26000213623047,111.29000091552734,271300,0.0,0.0,NVDA,2025-05-05 10:47:10
2025-04-14 14:48:00-04:00,111.29170227050781,111.29989624023438,111.12000274658203,111.26000213623047,414463,0.0,0.0,NVDA,2025-05-05 10:47:10
2025-04-14 14:49:00-04:00,111.25,111.4000015258789,111.23999786376953,111.39510345458984,273641,0.0,0.0,NVDA,2025-05-05 10:47:10
2025-04-14 14:50:00-04:00,111.4000015258789,111.43000030517578,111.23999786376953,111.4209976196289,324168,0.0,0.0,NVDA,2025-05-05 10:47:10
2025-04-14 14:51:00-04:00,111.41999816894531,111.44999694824219,111.29000091552734,111.31500244140625,209982,0.0,0.0,NVDA,2025-05-05 10:47:10
2025-04-14 14:52:00-04:00,111.31990051269531,111.36000061035156,111.2300033569336,111.35990142822266,222324,0.0,0.0,NVDA,2025-05-05 10:47:10
2025-04-14 14:53:00-04:00,111.35169982910156,111.38999938964844,111.26000213623047,111.3499984741211,190385,0.0,0.0,NVDA,2025-05-05 10:47:10
2025-04-14 14:54:00-04:00,111.33999633789062,111.36000061035156,111.26499938964844,111.27999877929688,141460,0.0,0.0,NVDA,2025-05-05 10:47:10
2025-04-14 14:55:00-04:00,111.2750015258789,111.29000091552734,111.18000030517578,111.2750015258789,330269,0.0,0.0,NVDA,2025-05-05 10:47:10
2025-04-14 14:56:00-04:00,111.27999877929688,111.37000274658203,111.23999786376953,111.30999755859375,235308,0.0,0.0,NVDA,2025-05-05 10:47:10
2025-04-14 14:57:00-04:00,111.30000305175781,111.32499694824219,111.12999725341797,111.13200378417969,291486,0.0,0.0,NVDA,2025-05-05 10:47:10
2025-04-14 14:58:00-04:00,111.13860321044922,111.30999755859375,111.12000274658203,111.23999786376953,265879,0.0,0.0,NVDA,2025-05-05 10:47:10
2025-04-14 14:59:00-04:00,111.23999786376953,111.31999969482422,111.12000274658203,111.18000030517578,261471,0.0,0.0,NVDA,2025-05-05 10:47:10
2025-04-14 15:00:00-04:00,111.16999816894531,111.33999633789062,111.11000061035156,111.31999969482422,302083,0.0,0.0,NVDA,2025-05-05 10:47:10
2025-04-14 15:01:00-04:00,111.30999755859375,111.43000030517578,111.29000091552734,111.29000091552734,363517,0.0,0.0,NVDA,2025-05-05 10:47:10
2025-04-14 15:02:00-04:00,111.30000305175781,111.43990325927734,111.30000305175781,111.30999755859375,333804,0.0,0.0,NVDA,2025-05-05 10:47:10
2025-04-14 15:03:00-04:00,111.30000305175781,111.41500091552734,111.25,111.4000015258789,183504,0.0,0.0,NVDA,2025-05-05 10:47:10
2025-04-14 15:04:00-04:00,111.41500091552734,111.44999694824219,111.31999969482422,111.44499969482422,277567,0.0,0.0,NVDA,2025-05-05 10:47:10
2025-04-14 15:05:00-04:00,111.44000244140625,111.4800033569336,111.38999938964844,111.44010162353516,233689,0.0,0.0,NVDA,2025-05-05 10:47:10
2025-04-14 15:06:00-04:00,111.44499969482422,111.55999755859375,111.43000030517578,111.49099731445312,322641,0.0,0.0,NVDA,2025-05-05 10:47:10
2025-04-14 15:07:00-04:00,111.48999786376953,111.69000244140625,111.48999786376953,111.6498031616211,514075,0.0,0.0,NVDA,2025-05-05 10:47:10
2025-04-14 15:08:00-04:00,111.6500015258789,111.80000305175781,111.61000061035156,111.79000091552734,519865,0.0,0.0,NVDA,2025-05-05 10:47:10
2025-04-14 15:09:00-04:00,111.79979705810547,111.80999755859375,111.69999694824219,111.76499938964844,394761,0.0,0.0,NVDA,2025-05-05 10:47:10
2025-04-14 15:10:00-04:00,111.76499938964844,111.80000305175781,111.5999984741211,111.61000061035156,399245,0.0,0.0,NVDA,2025-05-05 10:47:10
2025-04-14 15:11:00-04:00,111.61000061035156,111.7499008178711,111.60389709472656,111.67900085449219,343856,0.0,0.0,NVDA,2025-05-05 10:47:10
2025-04-14 15:12:00-04:00,111.68000030517578,111.75,111.58999633789062,111.74530029296875,312720,0.0,0.0,NVDA,2025-05-05 10:47:10
2025-04-14 15:13:00-04:00,111.74500274658203,111.80999755859375,111.69999694824219,111.75499725341797,369694,0.0,0.0,NVDA,2025-05-05 10:47:10
2025-04-14 15:14:00-04:00,111.75499725341797,111.87999725341797,111.7300033569336,111.81999969482422,429561,0.0,0.0,NVDA,2025-05-05 10:47:10
2025-04-14 15:15:00-04:00,111.83000183105469,111.83000183105469,111.6500015258789,111.65499877929688,382894,0.0,0.0,NVDA,2025-05-05 10:47:10
2025-04-14 15:16:00-04:00,111.65470123291016,111.66999816894531,111.38999938964844,111.44000244140625,645248,0.0,0.0,NVDA,2025-05-05 10:47:10
2025-04-14 15:17:00-04:00,111.43399810791016,111.58000183105469,111.36000061035156,111.5197982788086,490853,0.0,0.0,NVDA,2025-05-05 10:47:10
2025-04-14 15:18:00-04:00,111.51069641113281,111.5199966430664,111.29000091552734,111.47000122070312,417244,0.0,0.0,NVDA,2025-05-05 10:47:10
2025-04-14 15:19:00-04:00,111.4800033569336,111.54499816894531,111.41010284423828,111.4103012084961,287903,0.0,0.0,NVDA,2025-05-05 10:47:10
2025-04-14 15:20:00-04:00,111.41999816894531,111.47000122070312,111.26000213623047,111.37000274658203,416228,0.0,0.0,NVDA,2025-05-05 10:47:10
2025-04-14 15:21:00-04:00,111.36250305175781,111.4800033569336,111.33499908447266,111.4000015258789,361551,0.0,0.0,NVDA,2025-05-05 10:47:10
2025-04-14 15:22:00-04:00,111.3949966430664,111.44499969482422,111.27999877929688,111.3053970336914,282981,0.0,0.0,NVDA,2025-05-05 10:47:10
2025-04-14 15:23:00-04:00,111.30999755859375,111.41999816894531,111.27999877929688,111.40869903564453,309379,0.0,0.0,NVDA,2025-05-05 10:47:10
2025-04-14 15:24:00-04:00,111.41500091552734,111.51000213623047,111.41000366210938,111.44000244140625,308425,0.0,0.0,NVDA,2025-05-05 10:47:10
2025-04-14 15:25:00-04:00,111.44999694824219,111.48989868164062,111.33999633789062,111.36499786376953,274593,0.0,0.0,NVDA,2025-05-05 10:47:10
2025-04-14 15:26:00-04:00,111.36499786376953,111.37000274658203,111.26000213623047,111.32499694824219,404684,0.0,0.0,NVDA,2025-05-05 10:47:10
2025-04-14 15:27:00-04:00,111.33000183105469,111.41000366210938,111.23999786376953,111.4000015258789,455028,0.0,0.0,NVDA,2025-05-05 10:47:10
2025-04-14 15:28:00-04:00,111.4000015258789,111.47930145263672,111.30999755859375,111.42500305175781,321644,0.0,0.0,NVDA,2025-05-05 10:47:10
2025-04-14 15:29:00-04:00,111.42500305175781,111.43699645996094,111.33000183105469,111.3499984741211,266192,0.0,0.0,NVDA,2025-05-05 10:47:10
2025-04-14 15:30:00-04:00,111.36000061035156,111.44000244140625,111.2699966430664,111.3291015625,369313,0.0,0.0,NVDA,2025-05-05 10:47:10
2025-04-14 15:31:00-04:00,111.31999969482422,111.4000015258789,111.20999908447266,111.21499633789062,464729,0.0,0.0,NVDA,2025-05-05 10:47:10
2025-04-14 15:32:00-04:00,111.22000122070312,111.23999786376953,111.04750061035156,111.11170196533203,571811,0.0,0.0,NVDA,2025-05-05 10:47:10
2025-04-14 15:33:00-04:00,111.11000061035156,111.30000305175781,111.08999633789062,111.16999816894531,376704,0.0,0.0,NVDA,2025-05-05 10:47:10
2025-04-14 15:34:00-04:00,111.18000030517578,111.30999755859375,111.1500015258789,111.30999755859375,342971,0.0,0.0,NVDA,2025-05-05 10:47:10
2025-04-14 15:35:00-04:00,111.30999755859375,111.42500305175781,111.25,111.29499816894531,719469,0.0,0.0,NVDA,2025-05-05 10:47:10
2025-04-14 15:36:00-04:00,111.27259826660156,111.5199966430664,111.2699966430664,111.51499938964844,487240,0.0,0.0,NVDA,2025-05-05 10:47:10
2025-04-14 15:37:00-04:00,111.51000213623047,111.51499938964844,111.37000274658203,111.43499755859375,363614,0.0,0.0,NVDA,2025-05-05 10:47:10
2025-04-14 15:38:00-04:00,111.41999816894531,111.51499938964844,111.37999725341797,111.49810028076172,299085,0.0,0.0,NVDA,2025-05-05 10:47:10
2025-04-14 15:39:00-04:00,111.49500274658203,111.54000091552734,111.45999908447266,111.50129699707031,294521,0.0,0.0,NVDA,2025-05-05 10:47:10
2025-04-14 15:40:00-04:00,111.5,111.68000030517578,111.44999694824219,111.6500015258789,602321,0.0,0.0,NVDA,2025-05-05 10:47:10
2025-04-14 15:41:00-04:00,111.6500015258789,111.70999908447266,111.59100341796875,111.69000244140625,471940,0.0,0.0,NVDA,2025-05-05 10:47:10
2025-04-14 15:42:00-04:00,111.69010162353516,111.79000091552734,111.69000244140625,111.69999694824219,898450,0.0,0.0,NVDA,2025-05-05 10:47:10
2025-04-14 15:43:00-04:00,111.69999694824219,111.73500061035156,111.55999755859375,111.63999938964844,1733120,0.0,0.0,NVDA,2025-05-05 10:47:10
2025-04-14 15:44:00-04:00,111.6449966430664,111.65869903564453,111.55999755859375,111.57499694824219,249110,0.0,0.0,NVDA,2025-05-05 10:47:10
2025-04-14 15:45:00-04:00,111.57499694824219,111.62000274658203,111.45600128173828,111.54499816894531,446903,0.0,0.0,NVDA,2025-05-05 10:47:10
2025-04-14 15:46:00-04:00,111.55000305175781,111.58000183105469,111.44999694824219,111.52999877929688,376831,0.0,0.0,NVDA,2025-05-05 10:47:10
2025-04-14 15:47:00-04:00,111.52999877929688,111.54000091552734,111.3949966430664,111.41999816894531,374624,0.0,0.0,NVDA,2025-05-05 10:47:10
2025-04-14 15:48:00-04:00,111.43000030517578,111.44000244140625,111.21499633789062,111.27989959716797,582187,0.0,0.0,NVDA,2025-05-05 10:47:10
2025-04-14 15:49:00-04:00,111.27999877929688,111.37000274658203,111.12000274658203,111.36000061035156,581650,0.0,0.0,NVDA,2025-05-05 10:47:10
2025-04-14 15:50:00-04:00,111.3499984741211,111.44999694824219,111.05000305175781,111.05000305175781,712139,0.0,0.0,NVDA,2025-05-05 10:47:10
2025-04-14 15:51:00-04:00,111.05500030517578,111.25,110.91999816894531,111.23999786376953,977442,0.0,0.0,NVDA,2025-05-05 10:47:10
2025-04-14 15:52:00-04:00,111.24500274658203,111.3499984741211,111.11000061035156,111.1449966430664,511769,0.0,0.0,NVDA,2025-05-05 10:47:10
2025-04-14 15:53:00-04:00,111.1500015258789,111.30500030517578,111.07499694824219,111.26000213623047,612111,0.0,0.0,NVDA,2025-05-05 10:47:10
2025-04-14 15:54:00-04:00,111.2699966430664,111.41999816894531,111.23999786376953,111.30999755859375,827897,0.0,0.0,NVDA,2025-05-05 10:47:10
2025-04-14 15:55:00-04:00,111.31500244140625,111.31500244140625,110.86000061035156,110.87999725341797,1152763,0.0,0.0,NVDA,2025-05-05 10:47:10
2025-04-14 15:56:00-04:00,110.87989807128906,110.96700286865234,110.80999755859375,110.82129669189453,726616,0.0,0.0,NVDA,2025-05-05 10:47:10
2025-04-14 15:57:00-04:00,110.82150268554688,110.83000183105469,110.63999938964844,110.70999908447266,972635,0.0,0.0,NVDA,2025-05-05 10:47:10
2025-04-14 15:58:00-04:00,110.70500183105469,110.74549865722656,110.6500015258789,110.7300033569336,1152705,0.0,0.0,NVDA,2025-05-05 10:47:10
2025-04-14 15:59:00-04:00,110.73500061035156,110.81999969482422,110.63999938964844,110.69999694824219,3046685,0.0,0.0,NVDA,2025-05-05 10:47:10
